{"cameraMode":{"drawMode":0,"name":"Shaded","section":"Shading Mode"},"sceneLighting":false,"audioPlay":false,"sceneViewState":{"m_AlwaysRefresh":false,"showFog":true,"showSkybox":false,"showFlares":true,"showImageEffects":true,"showParticleSystems":true,"showVisualEffectGraphs":true,"m_FxEnabled":true},"in2DMode":false,"pivot":{"x":14.152971267700196,"y":-43.757606506347659,"z":390.0077819824219},"rotation":{"x":-0.060262273997068408,"y":-0.01886756904423237,"z":0.0011392751475796104,"w":-0.9980037808418274},"size":200.43289184570313,"orthographic":false}